run_id,task_id,condition_id,stop_reason,model_calls,elapsed_seconds,included_in_final_scores,tcr,avs,sar_avg
off-t1-r01,off-t1,formal-d44-office-fanout-b1,task_model_call_cap,10,292.968,false,,,
off-t1-r02,off-t1,formal-d44-office-fanout-b1,task_model_call_cap,10,298.262,false,,,
off-t1-r03,off-t1,formal-d44-office-fanout-b1,complete,11,358.984,true,0.975,0.6,0.7666666666666666
off-t3-r01,off-t3,formal-d44-office-fanout-b1,complete,11,368.331,true,0.525,0.44999999999999996,0.9
off-t3-r02,off-t3,formal-d44-office-fanout-b1,complete,12,362.132,true,0.5,0.44999999999999996,0.9
off-t3-r03,off-t3,formal-d44-office-fanout-b1,complete,12,364.914,true,0.525,0.35,0.7666666666666667
off-t4-r01,off-t4,formal-d44-office-fanout-b1,complete,11,415.261,true,1.0,0.75,0.7
off-t4-r02,off-t4,formal-d44-office-fanout-b1,complete,11,376.022,true,1.0,0.75,0.45000000000000007
off-t4-r03,off-t4,formal-d44-office-fanout-b1,complete,12,374.923,true,0.9125,0.55,0.95
off-t5-r01,off-t5,formal-d44-office-fanout-b1,complete,11,376.171,true,1.0,0.8,0.95
off-t5-r02,off-t5,formal-d44-office-fanout-b1,complete,11,364.304,true,1.0,0.9,0.95
off-t5-r03,off-t5,formal-d44-office-fanout-b1,complete,11,348.662,true,0.975,0.8,0.95
off-t6-r01,off-t6,formal-d44-office-fanout-b1,task_model_call_cap,12,362.180,false,,,
off-t6-r02,off-t6,formal-d44-office-fanout-b1,task_model_call_cap,11,329.169,false,,,
off-t6-r03,off-t6,formal-d44-office-fanout-b1,task_model_call_cap,11,322.218,false,,,
off-t1-u01,off-t1,formal-3492ba2-office-fanout-unmetered-b1-supplement-v1,complete,12,386.036,true,0.9625,0.75,0.6166666666666667
off-t1-u02,off-t1,formal-3492ba2-office-fanout-unmetered-b1-supplement-v1,complete,13,412.150,true,1.0,0.75,0.6166666666666667
off-t6-u01,off-t6,formal-3492ba2-office-fanout-unmetered-b1-supplement-v1,complete,13,534.703,true,0.975,0.7999999999999999,0.6166666666666667
off-t6-u02,off-t6,formal-3492ba2-office-fanout-unmetered-b1-supplement-v1,complete,13,461.363,true,0.975,0.7999999999999999,0.5833333333333333
off-t6-u03,off-t6,formal-3492ba2-office-fanout-unmetered-b1-supplement-v1,complete,13,573.124,true,0.9375,0.7999999999999999,0.7
